{
    "timestamp": "2026-07-17T20:12:24.858646Z",
    "dataset_stats": {
        "total_cases": 25,
        "missing_coordinates_count": 0,
        "class_imbalances": {
            "Heinous": 15,
            "Non-Heinous": 10
        }
    },
    "benchmarks": [
        {
            "model_name": "MiniLM-L6-v2",
            "recall_at_5": 0.08,
            "recall_at_10": 0.39999999999999997,
            "precision_at_5": 0.08,
            "precision_at_10": 0.19999999999999998,
            "mrr": 0.31166666666666665,
            "map_score": 0.14309523809523808,
            "ndcg_at_10": 0.28220617242985013,
            "avg_latency_ms": 15.439367294311523,
            "throughput_qps": 64.76949352506432
        },
        {
            "model_name": "BGE-Small-EN-v1.5",
            "recall_at_5": 0.24,
            "recall_at_10": 0.39999999999999997,
            "precision_at_5": 0.24,
            "precision_at_10": 0.19999999999999998,
            "mrr": 0.44000000000000006,
            "map_score": 0.15352380952380953,
            "ndcg_at_10": 0.311341765211278,
            "avg_latency_ms": 15.687179565429688,
            "throughput_qps": 63.746322009581014
        },
        {
            "model_name": "E5-Base",
            "recall_at_5": 0.24,
            "recall_at_10": 0.39999999999999997,
            "precision_at_5": 0.24,
            "precision_at_10": 0.19999999999999998,
            "mrr": 0.23833333333333334,
            "map_score": 0.12966666666666665,
            "ndcg_at_10": 0.2577817248101179,
            "avg_latency_ms": 15.449714660644531,
            "throughput_qps": 64.25452384016275
        }
    ]
}